{"cameraMode":{"drawMode":0,"name":"Shaded","section":"Shading Mode"},"sceneLighting":false,"audioPlay":false,"sceneViewState":{"showFog":false,"showMaterialUpdate":false,"showSkybox":true,"showFlares":true,"showImageEffects":true,"showParticleSystems":true},"in2DMode":false,"pivot":{"x":159.3778533935547,"y":-58.21177673339844,"z":-196.72381591796876},"rotation":{"x":-0.041784223169088367,"y":-0.937057375907898,"z":0.12046054005622864,"w":-0.3250643312931061},"size":237.42332458496095,"orthographic":false}