{"cameraMode":{"drawMode":0,"name":"Shaded","section":"Shading Mode"},"sceneLighting":true,"audioPlay":false,"sceneViewState":{"showFog":false,"showMaterialUpdate":false,"showSkybox":true,"showFlares":true,"showImageEffects":true,"showParticleSystems":true},"in2DMode":false,"pivot":{"x":7.097743988037109,"y":9.877046585083008,"z":-22.417640686035158},"rotation":{"x":-0.22721858322620393,"y":0.18312907218933106,"z":-0.04354832321405411,"w":-0.9554784297943115},"size":11.384885787963868,"orthographic":false}