{"cameraMode":{"drawMode":0,"name":"Shaded","section":"Shading Mode"},"sceneLighting":false,"audioPlay":false,"sceneViewState":{"showFog":false,"showMaterialUpdate":false,"showSkybox":true,"showFlares":true,"showImageEffects":true,"showParticleSystems":true},"in2DMode":false,"pivot":{"x":-1.3899998664855958,"y":0.0,"z":10.380000114440918},"rotation":{"x":-0.15557518601417542,"y":0.8444226384162903,"z":-0.3635040819644928,"w":-0.3614022731781006},"size":2.8578836917877199,"orthographic":false}