{"cameraMode":{"drawMode":0,"name":"Shaded","section":"Shading Mode"},"sceneLighting":false,"audioPlay":false,"sceneViewState":{"showFog":false,"showMaterialUpdate":false,"showSkybox":true,"showFlares":true,"showImageEffects":true,"showParticleSystems":true},"in2DMode":false,"pivot":{"x":5.457787036895752,"y":-7.583775520324707,"z":-1.330892562866211},"rotation":{"x":0.30083027482032778,"y":-0.06688487529754639,"z":0.021151918917894365,"w":0.9510942101478577},"size":21.588212966918947,"orthographic":false}