{"cameraMode":{"drawMode":0,"name":"Shaded","section":"Shading Mode"},"sceneLighting":true,"audioPlay":false,"sceneViewState":{"showFog":false,"showMaterialUpdate":false,"showSkybox":true,"showFlares":true,"showImageEffects":true,"showParticleSystems":true},"in2DMode":false,"pivot":{"x":0.1280285120010376,"y":0.4798737168312073,"z":1.4719539880752564},"rotation":{"x":-0.1527755856513977,"y":0.08622103184461594,"z":-0.013380195014178753,"w":-0.9844016432762146},"size":12.461406707763672,"orthographic":false}