{"cameraMode":{"drawMode":0,"name":"Shaded","section":"Shading Mode"},"sceneLighting":false,"audioPlay":false,"sceneViewState":{"showFog":false,"showMaterialUpdate":false,"showSkybox":true,"showFlares":true,"showImageEffects":true,"showParticleSystems":true},"in2DMode":false,"pivot":{"x":10.836669921875,"y":-7.3177337646484379,"z":4.542747497558594},"rotation":{"x":0.3195984363555908,"y":0.5762937664985657,"z":-0.2611114978790283,"w":0.7053816318511963},"size":23.920509338378908,"orthographic":false}