{"cameraMode":{"drawMode":0,"name":"Shaded","section":"Shading Mode"},"sceneLighting":false,"audioPlay":false,"sceneViewState":{"showFog":false,"showMaterialUpdate":false,"showSkybox":true,"showFlares":true,"showImageEffects":true,"showParticleSystems":true},"in2DMode":false,"pivot":{"x":1.391563892364502,"y":5.147069454193115,"z":-1.849471092224121},"rotation":{"x":0.20655617117881776,"y":0.6444829702377319,"z":-0.18695639073848725,"w":0.7120559215545654},"size":81.5781021118164,"orthographic":false}