{"cameraMode":{"drawMode":0,"name":"Shaded","section":"Shading Mode"},"sceneLighting":true,"audioPlay":false,"sceneViewState":{"showFog":false,"showMaterialUpdate":false,"showSkybox":true,"showFlares":true,"showImageEffects":true,"showParticleSystems":true},"in2DMode":false,"pivot":{"x":3.1010122299194338,"y":10.197985649108887,"z":-24.26764488220215},"rotation":{"x":-0.21021509170532227,"y":0.2830468416213989,"z":-0.06373073905706406,"w":-0.9336126446723938},"size":23.1221923828125,"orthographic":false}