{"cameraMode":{"drawMode":0,"name":"Shaded","section":"Shading Mode"},"sceneLighting":true,"audioPlay":false,"sceneViewState":{"showFog":false,"showMaterialUpdate":false,"showSkybox":true,"showFlares":true,"showImageEffects":true,"showParticleSystems":true},"in2DMode":false,"pivot":{"x":6.289999961853027,"y":-0.8500000238418579,"z":-13.239999771118164},"rotation":{"x":-0.19628944993019105,"y":-0.17921799421310426,"z":0.036517318338155749,"w":-0.9633368253707886},"size":2.8578836917877199,"orthographic":false}