{"cameraMode":{"drawMode":0,"name":"Shaded","section":"Shading Mode"},"sceneLighting":true,"audioPlay":false,"sceneViewState":{"showFog":false,"showMaterialUpdate":false,"showSkybox":true,"showFlares":true,"showImageEffects":true,"showParticleSystems":true},"in2DMode":false,"pivot":{"x":178.59735107421876,"y":-84.58131408691406,"z":-17.064184188842775},"rotation":{"x":0.07951785624027252,"y":0.8910857439041138,"z":-0.41247084736824038,"w":0.1717870682477951},"size":3.0597221851348879,"orthographic":false}