{"cameraMode":{"drawMode":2,"name":"Shaded Wireframe","section":"Shading Mode"},"sceneLighting":false,"audioPlay":false,"sceneViewState":{"showFog":false,"showMaterialUpdate":false,"showSkybox":true,"showFlares":true,"showImageEffects":true,"showParticleSystems":true},"in2DMode":false,"pivot":{"x":-18.167734146118165,"y":-13.829124450683594,"z":-110.81353759765625},"rotation":{"x":0.2361234873533249,"y":-0.14057977497577668,"z":0.03454524651169777,"w":0.9608796834945679},"size":13.792631149291993,"orthographic":false}