{"cameraMode":{"drawMode":0,"name":"Shaded","section":"Shading Mode"},"sceneLighting":false,"audioPlay":false,"sceneViewState":{"showFog":false,"showMaterialUpdate":false,"showSkybox":true,"showFlares":true,"showImageEffects":true,"showParticleSystems":true},"in2DMode":false,"pivot":{"x":27.502395629882814,"y":-92.86292266845703,"z":-162.2320098876953},"rotation":{"x":-0.3648903965950012,"y":0.13097533583641053,"z":-0.051927924156188968,"w":-0.9203281998634338},"size":6.047389984130859,"orthographic":false}