{"cameraMode":{"drawMode":0,"name":"Shaded","section":"Shading Mode"},"sceneLighting":true,"audioPlay":false,"sceneViewState":{"showFog":false,"showMaterialUpdate":false,"showSkybox":true,"showFlares":true,"showImageEffects":true,"showParticleSystems":true},"in2DMode":false,"pivot":{"x":-11.560924530029297,"y":4.905392646789551,"z":-5.902266502380371},"rotation":{"x":-0.24478140473365785,"y":-0.4768146276473999,"z":0.14019781351089478,"w":-0.8325109481811523},"size":28.36375617980957,"orthographic":false}